date,close,volume
2021-07-06,369.86,1193972
2021-07-07,367.67,1116791
2021-07-08,358.94,1613399
2021-07-09,371.76,1530566
2021-07-12,380.5,2422840
2021-07-13,375.98,3991015
2021-07-14,374.4,1577696
2021-07-15,373.35,1283206
2021-07-16,364.8,1415675
2021-07-19,354.72,2484496
2021-07-20,364.76,1687307
2021-07-21,373.5,1383779
2021-07-22,372.71,1035236
2021-07-23,374.05,942188
2021-07-26,375.9,878074
2021-07-27,374.84,989444
2021-07-28,374.23,813735
2021-07-29,377.55,671220
2021-07-30,374.88,678286
2021-08-02,378.19,1389296
2021-08-03,380.36,817228
2021-08-04,377.86,766441
2021-08-05,384.3,888486
2021-08-06,397.89,2287970
2021-08-09,399.88,2035669
2021-08-10,407.97,1982876
2021-08-11,413.89,1788525
2021-08-12,415,1324020
2021-08-13,410.78,1048460
2021-08-16,408.35,786440
2021-08-17,404.97,862780
2021-08-18,398.8,739205
2021-08-19,393.57,1292255
2021-08-20,395.87,898014
2021-08-23,401.45,892299
2021-08-24,408.56,1086431
2021-08-25,413.12,1037011
2021-08-26,412.41,1230678
2021-08-27,419.69,1216326
2021-08-30,413.6,1035750
2021-08-31,413.51,815276
2021-09-01,413.66,821969
2021-09-02,414.5,844919
2021-09-03,411.31,656446
2021-09-07,410.32,891646
2021-09-08,405,829790
2021-09-09,404.58,1126349
2021-09-10,403.48,1039713
2021-09-13,409.26,881887
2021-09-14,403.69,1908466
2021-09-15,401.95,1680027
2021-09-16,396.68,1312888
2021-09-17,391.46,1657131
2021-09-20,378.13,1957530
2021-09-21,375.84,1319352
2021-09-22,385.47,1593544
2021-09-23,391.86,1288084
2021-09-24,390.85,971038
2021-09-27,399.81,1706043
2021-09-28,389.5,1427175
2021-09-29,384.89,1125878
2021-09-30,378.03,1432069
2021-10-01,380,1358788
2021-10-04,374.15,1721852
2021-10-05,385.81,1317099
2021-10-06,388.05,1123773
2021-10-07,390.62,1182373
2021-10-08,392.81,843937
2021-10-11,385.24,1081597
2021-10-12,386.53,1161116
2021-10-13,386.31,1137391
2021-10-14,391.2,1963920
2021-10-15,406.07,4064722
2021-10-18,413.69,2296637
2021-10-19,412.16,1495758
2021-10-20,407.89,1422638
2021-10-21,407.59,1177438
2021-10-22,414.32,1360158
2021-10-25,414.75,958902
2021-10-26,417.61,967162
2021-10-27,410.99,1074529
2021-10-28,414.82,755577
2021-10-29,413.35,926021
2021-11-01,416.7,894209
2021-11-02,423.85,1614143
2021-11-03,417.9,1756479
2021-11-04,408.07,2083724
2021-11-05,407.08,975891
2021-11-08,408.34,792606
2021-11-09,405.35,1199509
2021-11-10,399.12,1009585
2021-11-11,402.34,608352
2021-11-12,404.91,687465
2021-11-15,404.81,616992
2021-11-16,403.09,636715
2021-11-17,391.55,1551845
2021-11-18,391.37,917840
2021-11-19,387.39,1465936
2021-11-22,396.16,1598019
2021-11-23,406.34,1202034
2021-11-24,399.19,1103218
2021-11-26,389.39,1468990
2021-11-29,386.54,1300185
2021-11-30,380.99,1593182
2021-12-01,376.48,1249284
2021-12-02,387.54,1315279
2021-12-03,382.73,1301669
2021-12-06,389.3,965680
2021-12-07,400.11,1147898
2021-12-08,397.32,643953
2021-12-09,396.49,846383
2021-12-10,391.06,1031377
2021-12-13,384.64,1155248
2021-12-14,388.82,1159163
2021-12-15,389.91,1429011
2021-12-16,397.37,1554534
2021-12-17,381.8,2965303
2021-12-20,371.61,1965627
2021-12-21,380.32,1445988
2021-12-22,382.33,685399
2021-12-23,385.04,785297
2021-12-27,388.04,711443
2021-12-28,387.61,650807
2021-12-29,386.2,638707
2021-12-30,385.52,588427
2021-12-31,382.55,786553
2022-01-03,395.33,1811923
2022-01-04,407.48,2039002
2022-01-05,398.63,1736103
2022-01-06,396.93,1585066
2022-01-07,397.51,1110116
2022-01-10,399.17,1631577
2022-01-11,403.05,849342
2022-01-12,390.31,2433138
2022-01-13,390.8,1287315
2022-01-14,380.94,2536448
2022-01-18,354.4,8403496
2022-01-19,347.32,4310419
2022-01-20,348.1,2662507
2022-01-21,343.91,2702105
2022-01-24,343.39,3881829
2022-01-25,341.55,2237726
2022-01-26,342.68,2060936
2022-01-27,341.03,1407307
2022-01-28,347.01,2130785
2022-01-31,354.68,1747786
2022-02-01,364.06,1771928
2022-02-02,363.06,1441209
2022-02-03,358.88,1233598
2022-02-04,367.6,2167582
2022-02-07,368.15,1383258
2022-02-08,370.1,1431326
2022-02-09,374.53,1100253
2022-02-10,370.57,1167891
2022-02-11,363.06,1466152
2022-02-14,360.24,1194920
2022-02-15,363.94,988146
2022-02-16,360.05,1034841
2022-02-17,349.06,1533802
2022-02-18,346.04,1433105
2022-02-22,344.27,1184574
2022-02-23,341.19,1120190
2022-02-24,340.19,2419269
2022-02-25,350.12,1552306
2022-02-28,341.29,2031417
2022-03-01,328.2,2929957
2022-03-02,336.38,1851229
2022-03-03,333.42,1244534
2022-03-04,329.67,1776973
2022-03-07,321.89,1933405
2022-03-08,321.37,1787589
2022-03-09,333.59,1509766
2022-03-10,329.9,1120486
2022-03-11,327,1348193
2022-03-14,324.98,1140331
2022-03-15,329.16,1018019
2022-03-16,340.76,1589703
2022-03-17,343.27,1090152
2022-03-18,345.38,2009211
2022-03-21,339,1263942
2022-03-22,343.01,1011165
2022-03-23,335.61,985022
2022-03-24,336.23,818907
2022-03-25,337.49,760095
2022-03-28,335.3,1125996
2022-03-29,339.66,1222697
2022-03-30,335.59,1112648
2022-03-31,330.1,1146385
2022-04-01,330.22,1186788
2022-04-04,328.21,1257997
2022-04-05,323.96,1467016
2022-04-06,316.26,1785739
2022-04-07,314.15,2187967
2022-04-08,321.39,1872831
2022-04-11,320.76,1492949
2022-04-12,319.78,1232080
2022-04-13,321.97,1611778
2022-04-14,321.64,3224174
2022-04-18,329.88,2016588
2022-04-19,335.95,1229377
2022-04-20,341.06,1529965
2022-04-21,334.3,1511316
2022-04-22,319.77,1511990
2022-04-25,321.42,1600543
2022-04-26,313.12,1432129
2022-04-27,313.23,1398470
2022-04-28,318.41,1191076
2022-04-29,305.49,1485447
2022-05-02,310.42,1596218
2022-05-03,314.66,1345740
2022-05-04,324.11,1495185
2022-05-05,313.07,1362126
2022-05-06,312.96,1314729
2022-05-09,308.89,1824772
2022-05-10,305.06,1451099
2022-05-11,301.55,1208323
2022-05-12,299.41,1890982
2022-05-13,306.99,1098901
2022-05-16,303.44,751461
2022-05-17,312.97,968224
2022-05-18,306.73,960141
2022-05-19,308.2,1054248
2022-05-20,306.8,1143506
2022-05-23,316.61,1342018
2022-05-24,313.95,897717
2022-05-25,314.9,893487
2022-05-26,323.63,1087356
2022-05-27,328.58,805459
2022-05-31,326.85,866389
2022-06-01,321.85,1166720
2022-06-02,324.25,893244
2022-06-03,318.68,500890
2022-06-06,320.51,478343
2022-06-07,321.51,523164
2022-06-08,314.68,668872
2022-06-09,304.22,1158071
2022-06-10,287.02,1893954
2022-06-13,283.32,2195844
2022-06-14,282.54,1258961
2022-06-15,290.07,1417856
2022-06-16,284.98,1434342
2022-06-17,279.79,2631545
2022-06-21,284.81,1256982
2022-06-22,284.54,969736
2022-06-23,286.17,1485681
2022-06-24,302.75,1933348
2022-06-27,300.78,833147
2022-06-28,299.49,1167300
2022-06-29,303.28,1436252
2022-06-30,297.02,1452270
2022-07-01,299.23,998088
2022-07-05,297.2,1154624
2022-07-06,293.76,992701
2022-07-07,298.6,1150122
2022-07-08,296.47,729526
2022-07-11,293.18,706522
2022-07-12,292.53,904459
2022-07-13,290.15,994005
2022-07-14,281.59,1698743
2022-07-15,293.87,1763925
2022-07-18,301.26,4210888
2022-07-19,318.05,3477709
2022-07-20,321.45,1643657
2022-07-21,326.54,1277263
2022-07-22,323.93,862673
2022-07-25,324.12,745887
2022-07-26,318.55,913508
2022-07-27,324.54,957797
2022-07-28,329.11,858547
2022-07-29,333.39,999164
2022-08-01,332.08,776817
2022-08-02,327.88,902021
2022-08-03,333.17,798121
2022-08-04,331.87,649147
2022-08-05,334.67,906642
2022-08-08,334.68,570885
2022-08-09,336.62,674007
2022-08-10,347.91,1268355
2022-08-11,351.68,1267309
2022-08-12,353.82,1268194
2022-08-15,355.85,946171
2022-08-16,354.97,886509
2022-08-17,353.74,716276
2022-08-18,354.52,455628
2022-08-19,349.27,690942
2022-08-22,342.42,782043
2022-08-23,340.18,606577
2022-08-24,341.94,634788
2022-08-25,346.49,614503
2022-08-26,336.4,806668
2022-08-29,333.92,709391
2022-08-30,333.63,880803
2022-08-31,332.67,840672
2022-09-01,333.5,776705
2022-09-02,331.48,1195447
2022-09-06,326.49,705976
2022-09-07,330.56,537069
2022-09-08,335.38,761086
2022-09-09,340.1,614629
2022-09-12,342.58,720982
2022-09-13,328.39,1007784
2022-09-14,327.26,755189
2022-09-15,331.62,673830
2022-09-16,326.21,1506433
2022-09-19,328.66,588249
2022-09-20,323.26,801537
2022-09-21,320.71,913133
2022-09-22,312.92,1158297
2022-09-23,301.97,1519776
2022-09-26,294.62,1083480
2022-09-27,291.38,906653
2022-09-28,300.79,1010311
2022-09-29,296.11,821641
2022-09-30,293.05,791774
2022-10-03,299.15,905197
2022-10-04,314.87,1175857
2022-10-05,309,969943
2022-10-06,304.67,611505
2022-10-07,301.08,861597
2022-10-10,300.54,632403
2022-10-11,294.21,1323646
2022-10-12,295.31,786827
2022-10-13,307.07,1391751
2022-10-14,299.99,1139626
2022-10-17,306.71,1499658
2022-10-18,313.85,4083025
2022-10-19,311.76,1226797
2022-10-20,310.81,1232753
2022-10-21,325.1,1616557
2022-10-24,328.7,1000095
2022-10-25,332.4,913624
2022-10-26,335.69,1193120
2022-10-27,337.18,1029998
2022-10-28,341.82,762826
2022-10-31,344.51,1094003
2022-11-01,348.58,1084661
2022-11-02,349.79,1954762
2022-11-03,348.87,1501845
2022-11-04,357.91,1710285
2022-11-07,362.56,1332124
2022-11-08,364.02,1711261
2022-11-09,362,1779164
2022-11-10,378.31,2126052
2022-11-11,385.17,1944547
2022-11-14,382.36,1445917
2022-11-15,382.88,1837246
2022-11-16,382.33,1278651
2022-11-17,379.78,1201255
2022-11-18,379.2,1117767
2022-11-21,380.21,902176
2022-11-22,383.87,906344
2022-11-23,386.25,748604
2022-11-25,388.86,625405
2022-11-28,382.36,1084024
2022-11-29,383.71,795728
2022-11-30,386.15,1390825
2022-12-01,383.81,763383
2022-12-02,380.58,783412
2022-12-05,371.54,955781
2022-12-06,362.91,1684694
2022-12-07,359.92,729071
2022-12-08,358.08,850459
2022-12-09,359.14,627744
2022-12-12,363.18,649834
2022-12-13,368.69,1280199
2022-12-14,360.38,1161422
2022-12-15,349.83,1035502
2022-12-16,346.35,1578077
2022-12-19,344.61,668525
2022-12-20,344.49,673345
2022-12-21,350.16,705892
2022-12-22,345.58,590754
2022-12-23,345.51,540563
2022-12-27,341.97,432645
2022-12-28,340.87,500363
2022-12-29,343.43,597679
2022-12-30,343.38,454737
2023-01-03,346.22,730752
2023-01-04,347.7,753514
2023-01-05,343.76,675740
2023-01-06,348.08,1288225
2023-01-09,353,790424
2023-01-10,357.36,732755
2023-01-11,364.48,1030052
2023-01-12,369.94,1042252
2023-01-13,374,1644976
2023-01-17,349.92,9475853
2023-01-18,349.09,3366494
2023-01-19,350.75,1762733
2023-01-20,341.84,7839817
2023-01-23,349.14,3135802
2023-01-24,348.33,1466178
2023-01-25,349.63,1110337
2023-01-26,354.97,1009641
2023-01-27,353.7,1208858
2023-01-30,357.46,1786051
2023-01-31,365.81,1140001
2023-02-01,365.71,1637166
2023-02-02,369.47,1520818
2023-02-03,369.95,1152263
2023-02-06,370.8,921667
2023-02-07,374.4,1208283
2023-02-08,375.1,1041761
2023-02-09,367.99,993804
2023-02-10,371.28,801937
2023-02-13,374.02,801763
2023-02-14,371.78,1183109
2023-02-15,374.34,992264
2023-02-16,370.2,1033132
2023-02-17,368.5,955271
2023-02-21,361.12,1178323
2023-02-22,360.89,951841
2023-02-23,363.54,1032232
2023-02-24,363.85,1390813
2023-02-27,365.53,1288825
2023-02-28,351.65,2643995
2023-03-01,346.23,1382390
2023-03-02,349.1,1967104
2023-03-03,357.09,1008474
2023-03-06,357.05,788319
2023-03-07,346.08,1064647
2023-03-08,349.29,824619
2023-03-09,342.09,1750629
2023-03-10,327.67,2707744
2023-03-13,315.51,3407391
2023-03-14,322.15,1932643
2023-03-15,312.19,3742208
2023-03-16,315.09,2728892
2023-03-17,303.54,3358040
2023-03-20,309.53,2186880
2023-03-21,317.28,1641271
2023-03-22,313.67,1409782
2023-03-23,314.85,1335545
2023-03-24,312.57,1357353
2023-03-27,318.53,1028449
2023-03-28,318.44,653385
2023-03-29,320.72,770878
2023-03-30,321.14,698599
2023-03-31,327.11,1092553
2023-04-03,326.52,806287
2023-04-04,322.65,755630
2023-04-05,321.53,597135
2023-04-06,322.4,689501
2023-04-10,324.96,601643
2023-04-11,327.37,737165
2023-04-12,330.24,1047278
2023-04-13,332.13,896682
2023-04-14,336.92,1191109
2023-04-17,339.68,1577618
2023-04-18,333.91,4611163
2023-04-19,336.89,1577320
2023-04-20,338.71,1185071
2023-04-21,341.66,1228217
2023-04-24,343.96,1040260
2023-04-25,339.48,1162810
2023-04-26,336.56,1124625
2023-04-27,341.6,890373
2023-04-28,343.44,799158
2023-05-01,340.57,708270
2023-05-02,333.37,1252544
2023-05-03,328.65,981792
2023-05-04,321.26,1588802
2023-05-05,327.02,1281775
2023-05-08,326.51,695909
2023-05-09,324.77,552434
2023-05-10,322.55,829281
2023-05-11,320.72,750057
2023-05-12,319.5,519231
2023-05-15,322.07,543597
2023-05-16,320.81,677987
2023-05-17,330.18,850078
2023-05-18,329.58,729590
2023-05-19,326.15,654789
2023-05-22,324.92,702607
2023-05-23,323.57,590797
2023-05-24,319.81,576631
2023-05-25,323.88,742378
2023-05-26,332.01,1317895
2023-05-30,330.83,968227
2023-05-31,323.9,1096984
2023-06-01,316.4,1827457
2023-06-02,323.65,1528187
2023-06-05,321.81,713048
2023-06-06,326.8,604397
2023-06-07,335.75,1232323
2023-06-08,335.47,1076124
2023-06-09,336.02,906143
2023-06-12,339.49,947842
2023-06-13,342.5,833811
2023-06-14,338.42,940955
2023-06-15,339.74,1866019
2023-06-16,338.31,1398733
2023-06-20,330.72,954857
2023-06-21,325.07,1044874
2023-06-22,319.58,1379961
2023-06-23,314.71,1108642
2023-06-26,312.36,1275934
2023-06-27,313.45,1220807
2023-06-28,313.66,1431378
2023-06-29,323.09,2153467
2023-06-30,322.54,1139848
2023-07-03,326.61,581366
2023-07-05,320.05,1489798
2023-07-06,313,1565862
2023-07-07,315.17,1805546
2023-07-10,316.47,945404
2023-07-11,320.88,1117079
2023-07-12,326.4,1455776
2023-07-13,328.68,1600812
2023-07-14,326.19,872862
2023-07-17,327.2,878027
2023-07-18,337.27,2129840
2023-07-19,340.55,3490621
2023-07-20,350.86,2373887
2023-07-21,351.96,1783341
2023-07-24,358.93,1840922
2023-07-25,354.7,1462565
2023-07-26,357.56,1262121
2023-07-27,354.51,1137854
2023-07-28,353.23,1056990
2023-07-31,355.87,652984
2023-08-01,357.72,695627
2023-08-02,351.1,1014352
2023-08-03,353.16,888963
2023-08-04,353.22,865519
2023-08-07,355.56,577023
2023-08-08,348.26,924994
2023-08-09,342.69,606423
2023-08-10,340.4,587762
2023-08-11,340.73,629405
2023-08-14,337.74,670111
2023-08-15,332.21,834682
2023-08-16,329.11,655308
2023-08-17,327.52,1106686
2023-08-18,324.93,926969
2023-08-21,322.06,773072
2023-08-22,318.79,735077
2023-08-23,322.33,473088
2023-08-24,319.96,550523
2023-08-25,320.15,576785
2023-08-28,325.97,787142
2023-08-29,332.55,817999
2023-08-30,328.58,560174
2023-08-31,327.71,536451
2023-09-01,327.4,622197
2023-09-05,323.75,970787
2023-09-06,321.13,860023
2023-09-07,321.96,743756
2023-09-08,325.52,929341
2023-09-11,324.65,592993
2023-09-12,330.9,1107994
2023-09-13,334.98,917064
2023-09-14,344.57,1265380
2023-09-15,342.54,1271571
2023-09-18,343.32,541756
2023-09-19,341.89,647342
2023-09-20,336.7,529260
2023-09-21,330.24,662897
2023-09-22,327.89,560777
2023-09-25,328.84,346154
2023-09-26,323.82,567801
2023-09-27,321.95,702097
2023-09-28,325.2,622892
2023-09-29,323.57,651284
2023-10-02,318.5,555855
2023-10-03,306.12,1633058
2023-10-04,308.6,897885
2023-10-05,310.5,748774
2023-10-06,312.48,764506
2023-10-09,312.61,613865
2023-10-10,314.77,538215
2023-10-11,313.02,780790
2023-10-12,309.85,749632
2023-10-13,309.3,1004029
2023-10-16,314.39,1231854
2023-10-17,309.36,2439797
2023-10-18,301.96,2015232
2023-10-19,299.19,1847562
2023-10-20,300.05,1303219
2023-10-23,299.22,1654894
2023-10-24,299.18,900475
2023-10-25,296.76,999574
2023-10-26,296.99,996049
2023-10-27,289.91,1477745
2023-10-30,300.83,1644090
2023-10-31,303.61,1291738
2023-11-01,307.16,1295872
2023-11-02,313.76,1391727
2023-11-03,327.62,2186819
2023-11-06,323.91,1016511
2023-11-07,323.95,797281
2023-11-08,324.56,667405
2023-11-09,320.78,778616
2023-11-10,325.51,780270
2023-11-13,326.91,672428
2023-11-14,338.72,1538250
2023-11-15,337.6,833631
2023-11-16,336.67,775003
2023-11-17,339.19,585921
2023-11-20,339.45,485552
2023-11-21,334.97,675272
2023-11-22,338.64,532497
2023-11-24,339.15,204796
2023-11-27,337.71,467715
2023-11-28,337.65,514504
2023-11-29,340.26,1057345
2023-11-30,341.54,732814
2023-12-01,348.43,949631
2023-12-04,349.39,624191
2023-12-05,341.75,1008237
2023-12-06,341.97,779206
2023-12-07,344.62,523504
2023-12-08,350.83,883176
2023-12-11,351.76,575561
2023-12-12,352.61,517157
2023-12-13,362.73,1266264
2023-12-14,383.47,2892558
2023-12-15,380.51,1976604
2023-12-18,376.4,852309
2023-12-19,382.45,853629
2023-12-20,377.52,866925
2023-12-21,380.57,407739
2023-12-22,380.65,523460
2023-12-26,381.61,305760
2023-12-27,384.48,619232
2023-12-28,386.41,473338
2023-12-29,385.77,335596
2024-01-02,388.3,710683
2024-01-03,381.79,977429
2024-01-04,382.95,585341
2024-01-05,386.44,923342
2024-01-08,388.86,479172
2024-01-09,383.74,620168
2024-01-10,381.96,631348
2024-01-11,379.75,1104800
2024-01-12,377.75,1075945
2024-01-16,380.45,2022858
2024-01-17,377.18,1178541
2024-01-18,376.91,798409
2024-01-19,382.2,1181644
2024-01-22,385.96,1241463
2024-01-23,380.77,1662973
2024-01-24,379.4,993399
2024-01-25,382.7,1341952
2024-01-26,377.79,1931050
2024-01-29,380.56,789421
2024-01-30,386.87,2171623
2024-01-31,384.01,1911702
2024-02-01,383.85,1110900
2024-02-02,387.86,1033749
2024-02-05,383.02,868094
2024-02-06,384.99,767185
2024-02-07,386.66,631015
2024-02-08,385.04,814545
2024-02-09,384.26,602564
2024-02-12,392.64,1422419
2024-02-13,378.75,1646171
2024-02-14,378.04,985252
2024-02-15,385.42,1090130
2024-02-16,384.44,716246
2024-02-20,384.52,741875
2024-02-21,388.27,853282
2024-02-22,390.47,1100577
2024-02-23,391.05,1201913
2024-02-26,390.22,864101
2024-02-27,390.81,834388
2024-02-28,393.18,883444
2024-02-29,389.05,1119504
2024-03-01,388.1,757890
2024-03-04,392.25,1122437
2024-03-05,390.91,1353875
2024-03-06,389.57,1114595
2024-03-07,388.43,835632
2024-03-08,386.99,891572
2024-03-11,386.16,711598
2024-03-12,388.18,735426
2024-03-13,392.31,895320
2024-03-14,388.61,957657
2024-03-15,387.21,1143999
2024-03-18,384.37,605277
2024-03-19,388.66,795996
2024-03-20,396.47,1006833
2024-03-21,413.71,2483746
2024-03-22,406.82,1047467
2024-03-25,404.94,737738
2024-03-26,406.18,587664
2024-03-27,415.25,1089065
2024-03-28,417.69,1148322
2024-04-01,413.51,726279
2024-04-02,410.15,999717
2024-04-03,414,783587
2024-04-04,406.25,898206
2024-04-05,408.07,821162
2024-04-08,410.54,597166
2024-04-09,410.71,668525
2024-04-10,400.76,930308
2024-04-11,397.48,1094470
2024-04-12,389.49,1508427
2024-04-15,400.88,3611959
2024-04-16,396.86,1847739
2024-04-17,403.91,2777962
2024-04-18,403.11,1613816
2024-04-19,404,1673888
2024-04-22,417.35,2239682
2024-04-23,424,1411288
2024-04-24,423.04,718171
2024-04-25,420.05,833560
2024-04-26,427.57,1163322
2024-04-29,430.81,1217089
2024-04-30,426.71,850177
2024-05-01,426.95,842798
2024-05-02,432.57,1007598
2024-05-03,438.18,1255735
2024-05-06,443.67,860826
2024-05-07,443.8,728156
2024-05-08,446.95,838307
2024-05-09,455.56,1351412
2024-05-10,454.73,927602
2024-05-13,453.56,697050
2024-05-14,458.47,1136060
2024-05-15,466.09,900631
2024-05-16,464.52,888728
2024-05-17,467.72,781822
2024-05-20,462.94,945077
2024-05-21,470.41,1307041
2024-05-22,462.38,957213
2024-05-23,458.15,1025915
2024-05-24,461.18,648694
2024-05-28,459.81,1006192
2024-05-29,457.17,975077
2024-05-30,450.23,1077297
2024-05-31,456.52,1250722
2024-06-03,454.98,628933
2024-06-04,455.3,685173
2024-06-05,461.68,787011
2024-06-06,458.1,691138
2024-06-07,454.91,793007
2024-06-10,453.55,687140
2024-06-11,444.27,950933
2024-06-12,448.7,875885
2024-06-13,446.35,683360
2024-06-14,446.46,618986
2024-06-17,450.18,641951
2024-06-18,457.43,651341
2024-06-20,458.05,975754
2024-06-21,450.18,1588187
2024-06-24,462.09,670023
2024-06-25,457.38,620069
2024-06-26,455.86,895676
2024-06-27,445.96,1596976
2024-06-28,452.32,1265929
2024-07-01,463.66,1003838
2024-07-02,465.61,622448
2024-07-03,467.92,522232
2024-07-05,464.75,615903
2024-07-08,464.82,1039644
2024-07-09,472.83,1320326
2024-07-10,478.89,864237
2024-07-11,479.23,1030474
2024-07-12,479.88,1342319
2024-07-15,492.23,1977591
2024-07-16,503.02,2169971
2024-07-17,502.18,1795520
2024-07-18,486.21,1712752
2024-07-19,484.93,1007117
2024-07-22,487.04,750940
2024-07-23,492.15,838156
2024-07-24,486.7,703954
2024-07-25,491.71,728693
2024-07-26,499.03,1037423
2024-07-29,492.72,744690
2024-07-30,505.67,1403042
2024-07-31,509.03,1289075
2024-08-01,500.12,2553171
2024-08-02,470.64,3315175
2024-08-05,459.02,2320338
2024-08-06,470.22,1077161
2024-08-07,473.01,1293410
2024-08-08,485.77,979669
2024-08-09,490.26,747248
2024-08-12,485.5,769885
2024-08-13,491.94,653214
2024-08-14,498.7,749071
2024-08-15,499.02,638440
2024-08-16,504.26,715663
2024-08-19,504.68,386597
2024-08-20,497.34,642641
2024-08-21,496.46,444072
2024-08-22,497.75,404839
2024-08-23,509.42,888455
2024-08-26,507.87,406726
2024-08-27,507.26,433823
2024-08-28,503.33,678759
2024-08-29,510.1,712518
2024-08-30,510.25,554525
2024-09-03,487.46,1121519
2024-09-04,490.64,680704
2024-09-05,487.88,795020
2024-09-06,479.61,944919
2024-09-09,488.57,643520
2024-09-10,467.13,1878283
2024-09-11,471.17,1170149
2024-09-12,474.06,636448
2024-09-13,478.99,707194
2024-09-16,485.16,711317
2024-09-17,485.39,583625
2024-09-18,484.58,693020
2024-09-19,503.83,1184873
2024-09-20,498.43,1282708
2024-09-23,497.41,285461
2024-09-24,498.02,404314
2024-09-25,491.14,652339
2024-09-26,496.92,610047
2024-09-27,498.51,545295
2024-09-30,495.11,587294
2024-10-01,490.17,666348
2024-10-02,491.99,335052
2024-10-03,486.1,581296
2024-10-04,495.16,656788
2024-10-07,494.62,465609
2024-10-08,496.57,501407
2024-10-09,505.18,767224
2024-10-10,503.72,629696
2024-10-11,516.3,1098778
2024-10-14,522.75,1119764
2024-10-15,522.38,2381325
2024-10-16,529.86,1381941
2024-10-17,529,889516
2024-10-18,528.5,757661
2024-10-21,517.8,738751
2024-10-22,518.3,760216
2024-10-23,517.2,527380
2024-10-24,524.5,853700
2024-10-25,512.6,804325
2024-10-28,523.58,798427
2024-10-29,524.28,487375
2024-10-30,524.4,564036
2024-10-31,517.79,800973
2024-11-01,519.35,625050
2024-11-04,511.47,838836
2024-11-05,526.96,1072857
2024-11-06,595.98,4246746
2024-11-07,582.17,1832565
2024-11-08,589.26,1282102
2024-11-11,602.34,1365513
2024-11-12,592.59,923717
2024-11-13,594.22,781482
2024-11-14,588.61,764496
2024-11-15,593.54,941986
2024-11-18,587.99,871253
2024-11-19,581.38,839514
2024-11-20,581.93,689116
2024-11-21,596.11,1015776
2024-11-22,602.78,731886
2024-11-25,603.03,1050848
2024-11-26,605.5,1152644
2024-11-27,605.43,610934
2024-11-29,608.57,492619
2024-12-02,601.71,586849
2024-12-03,602.08,541799
2024-12-04,598.71,684733
2024-12-05,596.8,738368
2024-12-06,599.68,562104
2024-12-09,594.12,711926
2024-12-10,585.03,1159305
2024-12-11,592.56,699113
2024-12-12,591.61,586724
2024-12-13,585.48,507230
2024-12-16,586.33,788670
2024-12-17,574.68,915786
2024-12-18,550.25,1389973
2024-12-19,553.99,1312437
2024-12-20,566.1,1563169
2024-12-23,570.78,493381
2024-12-24,582.79,376676
2024-12-26,581.23,364724
2024-12-27,576.18,609744
2024-12-30,573.55,533875
2024-12-31,572.62,359247
2025-01-02,574.97,899030
2025-01-03,580.13,595441
2025-01-06,583.39,1064715
2025-01-07,580.12,985038
2025-01-08,580.02,669383
2025-01-10,560,1181397
2025-01-13,562.95,818513
2025-01-14,571.53,1054690
2025-01-15,605.92,2663037
2025-01-16,612.99,1646938
2025-01-17,625.94,1786486
2025-01-21,634.74,2584489
2025-01-22,632.73,1332428
2025-01-23,639.5,1224589
2025-01-24,636.9,1675466
2025-01-27,633.28,1556735
2025-01-28,637.8,858932
2025-01-29,637.38,960653
2025-01-30,645.7,913045
2025-01-31,640.4,824782
2025-02-03,632.37,1069029
2025-02-04,634.18,793760
2025-02-05,645.45,956896
2025-02-06,658.22,1261401
2025-02-07,655.9,1374985
2025-02-10,650.53,1281749
2025-02-11,647.24,1459380
2025-02-12,649,1224983
2025-02-13,648.95,839550
2025-02-14,660.55,1206491
2025-02-18,672.19,1018224
2025-02-19,668.15,876615
2025-02-20,642.26,2007658
2025-02-21,625.6,1298178
2025-02-24,626.14,1604212
2025-02-25,614.91,1547434
2025-02-26,617.77,980615
2025-02-27,608,1273177
2025-02-28,622.29,1275826
2025-03-03,605.26,1244287
2025-03-04,581.14,1969525
2025-03-05,593.07,1207050
2025-03-06,567.67,2311977
2025-03-07,559.67,2246296
2025-03-10,531.66,2964458
2025-03-11,531.43,2597142
2025-03-12,535.71,1660908
2025-03-13,524.81,1236002
2025-03-14,541.41,1572270
2025-03-17,551.34,1397207
2025-03-18,551.78,1065204
2025-03-19,557.34,1225605
2025-03-20,562.68,971454
2025-03-21,565.14,1435377
2025-03-24,580.1,737305
2025-03-25,585.94,582565
2025-03-26,573.92,801318
2025-03-27,558.92,902101
2025-03-28,543.12,1036832
2025-03-31,546.29,859365
2025-04-01,548.45,690469
2025-04-02,563.1,1017374
2025-04-03,511.23,2503031
2025-04-04,470.81,4025189
2025-04-07,465.51,3550628
2025-04-08,462.22,2036012
2025-04-09,516.87,4022453
2025-04-10,489.8,2634528
2025-04-11,494.44,1921341
2025-04-14,503.98,2207573
2025-04-15,507.89,1049100
2025-04-16,499.05,1131836
2025-04-17,509.49,1151430
2025-04-21,501.36,1176855
2025-04-22,519.99,1101269
2025-04-23,529.31,1369398
2025-04-24,545.37,870606
2025-04-25,544.86,713943
2025-04-28,546.4,595588
2025-04-29,548.92,674672
2025-04-30,547.55,958352
2025-05-01,553.83,1181353
2025-05-02,566.1,1296833
2025-05-05,559.56,705268
2025-05-06,549.36,1335624
2025-05-07,551.92,746580
2025-05-08,565.7,702173
2025-05-09,567.1,551671
2025-05-12,591.34,1401628
2025-05-13,603.81,1119318
2025-05-14,611.6,1089830
2025-05-15,615.9,1050747
2025-05-16,619.03,710463
2025-05-19,612.3,1152631
2025-05-20,606.52,657062
2025-05-21,593.46,890475
2025-05-22,598.23,719747
2025-05-23,598.54,594293
2025-05-27,615.73,759676
2025-05-28,608.44,607606
2025-05-29,604.86,539119
2025-05-30,600.45,596049
2025-06-02,598.72,432309
2025-06-03,603.83,571610
2025-06-04,599.21,406356
2025-06-05,605.88,945936
2025-06-06,614,655956
2025-06-09,613.52,655398
2025-06-10,614.87,560810
2025-06-11,624.17,780627
2025-06-12,625.11,509573
2025-06-13,613.54,613648
2025-06-16,627.85,588273
2025-06-17,624.64,525495
2025-06-18,635.24,1064964
2025-06-20,640.8,1368939
2025-06-23,646.88,624772
2025-06-24,662.11,668680
2025-06-25,669.87,503158
2025-06-26,687.16,1172427
2025-06-27,690.81,1095097
2025-06-30,707.75,1797910
2025-07-01,706.46,1522313
2025-07-02,715.89,1441293
2025-07-03,723.68,612744
2025-07-07,710.93,1321618
2025-07-08,697.28,1284063
2025-07-09,696.56,649084
2025-07-10,709.12,628455
2025-07-11,704.95,595141
2025-07-14,713.3,639999
2025-07-15,702.51,759143
2025-07-16,708.82,1437339
2025-07-17,705.84,884445
2025-07-18,708.26,639445
2025-07-21,706,548207
2025-07-22,700.41,761958
2025-07-23,717.52,802070
2025-07-24,719.18,721107
2025-07-25,728.98,581003
2025-07-28,723.65,414374
2025-07-29,731.98,777523
2025-07-30,730.75,696794
2025-07-31,723.59,928166
2025-08-01,709.57,1239222
2025-08-04,726.03,623010
2025-08-05,720.91,694367
2025-08-06,724.74,519605
2025-08-07,719.74,453153
2025-08-08,721.27,393754
2025-08-11,719.24,344306
2025-08-12,743.38,886156
2025-08-13,744.69,629809
2025-08-14,747.2,441296
2025-08-15,730.72,610125
2025-08-18,730.96,385498
2025-08-19,721.38,495265
2025-08-20,720.68,570024
2025-08-21,715.95,281627
2025-08-22,741.89,779358
2025-08-25,738.79,326774
2025-08-26,748.95,378629
2025-08-27,749.67,497993
2025-08-28,751.22,432889
2025-08-29,745.25,406329
2025-09-02,730.85,658514
2025-09-03,730.56,375741
2025-09-04,748.9,569486
2025-09-05,738.21,675882
2025-09-08,741.85,362516
2025-09-09,763.92,1037827
2025-09-10,769.58,788011
2025-09-11,784.73,808001
2025-09-12,780.06,299874
2025-09-15,786.76,474575
2025-09-16,785.53,439970
2025-09-17,794.22,653022
2025-09-18,804.31,512328
2025-09-19,805,939490
2025-09-22,805.56,311373
2025-09-23,806.32,526680
2025-09-24,792.43,423070
2025-09-25,794.76,472086
2025-09-26,802.51,364568
2025-09-29,804.12,331343
2025-09-30,796.35,748271
2025-10-01,785.51,503527
2025-10-02,779.38,571240
2025-10-03,789.98,521286
2025-10-06,796.78,479606
2025-10-07,789.65,564696
2025-10-08,776.51,725678
2025-10-09,779.96,558156
2025-10-10,764.36,979446
2025-10-13,786.78,1008855
2025-10-14,770.76,2371240
2025-10-15,767.93,1428498
2025-10-16,758.09,1351266
2025-10-17,750.77,1187815
2025-10-20,763.32,668117
2025-10-21,758.98,682719
2025-10-22,744.6,838667
2025-10-23,750.78,461362
2025-10-24,783.88,1014729
2025-10-27,789.99,584569
2025-10-28,792.09,367401
2025-10-29,783.06,747760
2025-10-30,790.16,701558
2025-10-31,789.37,384525
2025-11-03,785.52,924028
2025-11-04,790.83,1155664
2025-11-05,793.09,904724
2025-11-06,787.58,836705
2025-11-07,786.34,1255672
2025-11-10,797.2,842974
2025-11-11,810.31,755875
2025-11-12,838.97,1610613
2025-11-13,805.5,1351720
2025-11-14,790.91,1399181
2025-11-17,775.56,847471
2025-11-18,776.3,881924
2025-11-19,785.99,792792
2025-11-20,773.7,1492205
2025-11-21,774.03,1209889
2025-11-24,790.71,853743
2025-11-25,802.32,975210
2025-11-26,816.01,723901
2025-11-28,826.04,483172
2025-12-01,810.86,983526
2025-12-02,815.21,857444
2025-12-03,836.57,993715
2025-12-04,837.83,955013
2025-12-05,854.56,1346152
2025-12-08,866.69,1250902
2025-12-09,876.58,1298751
2025-12-10,889.24,1403159
2025-12-11,911.03,1362691
2025-12-12,887.96,1552239
2025-12-15,889.59,893124
2025-12-16,879.15,1123922
2025-12-17,872.33,833782
2025-12-18,876.3,978185
2025-12-19,893.48,1572858
2025-12-22,899,632086
2025-12-23,901.71,467440
2025-12-24,910.78,368242
2025-12-26,907.04,496013
2025-12-29,892.18,697149
2025-12-30,884.42,715495
2025-12-31,879,503757
2026-01-02,914.34,1428265
2026-01-05,948.44,2195100
2026-01-06,955.47,1044693
2026-01-07,941.02,1518684
2026-01-08,934.83,885624
2026-01-09,938.98,708151
2026-01-12,949.55,1136500
2026-01-13,938.15,1037538
2026-01-14,932.67,1277558
2026-01-15,975.86,2220407
2026-01-16,962,1724747
2026-01-20,943.37,1356389
2026-01-21,953.01,1108023
2026-01-22,954.65,1026435
2026-01-23,918.88,2306749
2026-01-26,931.86,1696333
2026-01-27,929.72,1105296
2026-01-28,936.81,912320
2026-01-29,940.12,1281453
2026-01-30,935.41,879717
2026-02-02,946.33,1025914
2026-02-03,938.99,1417305
2026-02-04,913.3,2216598
2026-02-05,890.41,2007348
2026-02-06,928.75,1492764
2026-02-09,943.62,1286819
2026-02-10,948.99,1993055
2026-02-11,944.59,1533683
2026-02-12,904.55,1951441
2026-02-13,905.14,1569251
2026-02-17,916.04,952101
2026-02-18,933.73,1019411
2026-02-19,916.65,1042684
2026-02-20,922.24,1098225
2026-02-23,892.31,1557942
2026-02-24,902.27,1079718
2026-02-25,921.38,950885
2026-02-26,929,1028923
2026-02-27,859.57,3240417
2026-03-02,861.7,1755193
2026-03-03,862.58,1965827
2026-03-04,867.25,1073429
2026-03-05,835.46,1649432
2026-03-06,821.42,1500300
2026-03-09,832.03,1699284
2026-03-10,833.81,1026229
2026-03-11,823.76,1211645
2026-03-12,787.52,2097114
2026-03-13,782.21,1555185
2026-03-16,794.77,1141922
2026-03-17,807.04,890061
2026-03-18,805.48,786720
2026-03-19,809.5,959805
2026-03-20,813.53,2117457
2026-03-23,831.27,1105972
2026-03-24,835.72,803344
2026-03-25,841.84,664929
2026-03-26,822.64,949359
2026-03-27,802.89,1082331
2026-03-30,807.6,874798
2026-03-31,845.99,1434598
2026-04-01,860.21,1015696
2026-04-02,863.04,920840
2026-04-06,866.05,633180
2026-04-07,864.15,654802
2026-04-08,905.75,1345503
2026-04-09,903.72,874946
2026-04-10,907.8,804224
2026-04-13,890.79,2578442
2026-04-14,909.63,1474037
2026-04-15,899.49,1285607
2026-04-16,900,842336
2026-04-17,925.95,1384363
2026-04-20,941.74,1079416
2026-04-21,926.55,871699
2026-04-22,934.84,710927
2026-04-23,931.3,803700
2026-04-24,926.91,695670
2026-04-27,937.81,551382
2026-04-28,926.55,691003
2026-04-29,905.6,1007556
2026-04-30,923.77,905154
2026-05-01,923.71,752815
2026-05-04,903.27,953387
2026-05-05,918.89,799007
2026-05-06,937.35,1043747
2026-05-07,925.87,811936
2026-05-08,936.48,825994
2026-05-11,944.86,967364
2026-05-12,945.9,881965
2026-05-13,955.42,1001091
2026-05-14,968.96,992331
2026-05-15,948.47,850180
2026-05-18,946.36,683902
2026-05-19,928.74,712338
2026-05-20,982.12,1622152
2026-05-21,988.17,1251130
2026-05-22,996.73,910968
2026-05-26,994.52,893648
2026-05-27,996.47,1164719
2026-05-28,1008.37,950468
2026-05-29,1025.56,967485
2026-06-01,1048.58,1005086
2026-06-02,1064.58,889057
2026-06-03,1041.02,1057894
2026-06-04,1092.61,1348579
2026-06-05,1038.68,1304017
2026-06-08,1045,974075
2026-06-09,1032.01,1474223
2026-06-10,1001.29,1262894
2026-06-11,1035.64,1198398
2026-06-12,1062.75,1122880
2026-06-15,1076.17,849362
2026-06-16,1090.67,748347
2026-06-17,1099.14,1120697
2026-06-18,1096.56,1534611
2026-06-22,1106.37,796341
2026-06-23,1094.44,841425
2026-06-24,1076.91,845654
2026-06-25,1065.09,812576
2026-06-26,1019.61,1322432
2026-06-29,1020.21,871400
2026-06-30,1011.37,841770
2026-07-01,1019.61,651153
2026-07-02,1021,653542
